{
  "V1_bounds": {
    "min": 1.3282305198814017e-05,
    "max": 0.9999937332940072,
    "pass": true
  },
  "V1_monotone": {
    "curve": [
      1.0,
      0.5879487793316958,
      0.4502550614472617,
      0.3807582496462408,
      0.33939308324507317,
      0.3119789027070382,
      0.29284458461649,
      0.27800832609578585,
      0.2671492164069991
    ],
    "pass": true
  },
  "V2_decomposition": {
    "pass": true
  },
  "V3_lipschitz": {
    "rows": [
      [
        0.0,
        1.0,
        1.0,
        true
      ],
      [
        0.024999999999999998,
        0.9864501000260126,
        0.9852941176470589,
        true
      ],
      [
        0.049999999999999996,
        0.9729201052448432,
        0.9705882352941176,
        true
      ],
      [
        0.075,
        0.9593762383311129,
        0.9558823529411765,
        true
      ],
      [
        0.09999999999999999,
        0.9458276986488476,
        0.9411764705882353,
        true
      ],
      [
        0.12499999999999999,
        0.9323041610115708,
        0.9264705882352942,
        true
      ],
      [
        0.15,
        0.9187405623310592,
        0.9117647058823529,
        true
      ],
      [
        0.175,
        0.9051685785213269,
        0.8970588235294118,
        true
      ],
      [
        0.19999999999999998,
        0.8916962026649213,
        0.8823529411764706,
        true
      ],
      [
        0.22499999999999998,
        0.878142260725467,
        0.8676470588235294,
        true
      ],
      [
        0.24999999999999997,
        0.8646091143920823,
        0.8529411764705883,
        true
      ],
      [
        0.27499999999999997,
        0.8510711660309642,
        0.8382352941176471,
        true
      ],
      [
        0.3,
        0.8374348571409009,
        0.8235294117647058,
        true
      ]
    ],
    "pass": true
  },
  "V4_separation": {
    "Delta_hat": 0.28208319424025097,
    "ci": [
      0.2788370811366717,
      0.28528692874988965
    ],
    "Delta_theory_LB": 0.21786116470373798,
    "p_gt_0.15": 0.0,
    "cohens_d": 5.368152852374746,
    "sweep": [
      [
        0.0,
        0.29997271445775026,
        0.8235937447956989,
        0.5236210303379487
      ],
      [
        0.1,
        0.3524539263025099,
        0.8277673894209191,
        0.4753134631184092
      ],
      [
        0.2,
        0.40493513814726956,
        0.8319410340461393,
        0.4270058958988697
      ],
      [
        0.30000000000000004,
        0.4574163499920292,
        0.836114678671359,
        0.37869832867932984
      ],
      [
        0.4,
        0.5098975618367888,
        0.8402883232965792,
        0.3303907614597904
      ],
      [
        0.5,
        0.5623787736815484,
        0.8444619679217994,
        0.28208319424025097
      ],
      [
        0.6000000000000001,
        0.614859985526308,
        0.8486356125470192,
        0.2337756270207112
      ],
      [
        0.7000000000000001,
        0.6673411973710677,
        0.8528092571722397,
        0.18546805980117198
      ],
      [
        0.8,
        0.7198224092158273,
        0.8569829017974596,
        0.13716049258163232
      ],
      [
        0.9,
        0.7723036210605869,
        0.8611565464226797,
        0.08885292536209277
      ],
      [
        1.0,
        0.8247848329053465,
        0.8653301910478999,
        0.040545358142553334
      ]
    ],
    "params": {
      "d": 0.23786409794071173,
      "abar": 0.27745153675404044,
      "a_min": 0.85,
      "delta_C": 0.0
    }
  },
  "V5_necessity": {
    "acc_gap": 0.0,
    "RC_gap_lam0.5": 0.5,
    "pass": true
  },
  "V6_certified": {
    "rows": [
      [
        0.25,
        0.99,
        0.01,
        0.5815869685102102
      ],
      [
        0.25,
        0.9,
        0.1,
        0.3203878913861501
      ],
      [
        0.25,
        0.8,
        0.2,
        0.21040530839322857
      ],
      [
        0.5,
        0.99,
        0.01,
        1.1631739370204204
      ],
      [
        0.5,
        0.9,
        0.1,
        0.6407757827723002
      ],
      [
        0.5,
        0.8,
        0.2,
        0.42081061678645715
      ],
      [
        1.0,
        0.99,
        0.01,
        2.3263478740408408
      ],
      [
        1.0,
        0.9,
        0.1,
        1.2815515655446004
      ],
      [
        1.0,
        0.8,
        0.2,
        0.8416212335729143
      ]
    ],
    "pass": true
  }
}